wilayah_administrasi,wilayah,Lokasi,Jenis Perangkat,Spesifikasi,Pemilik,Hardware,Software,Jumlah,Status,Keterangan
Jakarta Timur,Jakarta Timur,E.4.01 - TU Gas,Camera CCTV,"Superior 720p HD picture quality, supporting H.264 at 30 fps",Dinas Perhubungan Provinsi DKI Jakarta,Sony,Milestones,1,Aktif,Pemantauan
Jakarta Timur,Jakarta Timur,W.4.01 - TU Gas,Camera CCTV,"Superior 720p HD picture quality, supporting H.264 at 30 fps",Dinas Perhubungan Provinsi DKI Jakarta,Sony,Milestones,1,Aktif,Pemantauan
Jakarta Timur,Jakarta Timur,E.4.02 - Layur,Camera CCTV,"Superior 720p HD picture quality, supporting H.264 at 30 fps",Dinas Perhubungan Provinsi DKI Jakarta,Sony,Milestones,1,Aktif,Pemantauan
Jakarta Timur,Jakarta Timur,W.4.02 - Layur,Camera CCTV,"Superior 720p HD picture quality, supporting H.264 at 30 fps",Dinas Perhubungan Provinsi DKI Jakarta,Sony,Milestones,1,Aktif,Pemantauan
Jakarta Timur,Jakarta Timur,E.4.03 - Pemuda Rawamangun,Camera CCTV,"Superior 720p HD picture quality, supporting H.264 at 30 fps",Dinas Perhubungan Provinsi DKI Jakarta,Sony,Milestones,1,Aktif,Pemantauan
Jakarta Timur,Jakarta Timur,W.4.03 - Pemuda Rawamangun,Camera CCTV,"Superior 720p HD picture quality, supporting H.264 at 30 fps",Dinas Perhubungan Provinsi DKI Jakarta,Sony,Milestones,1,Aktif,Pemantauan
Jakarta Timur,Jakarta Timur,E.4.04 - Valedrom,Camera CCTV,"Superior 720p HD picture quality, supporting H.264 at 30 fps",Dinas Perhubungan Provinsi DKI Jakarta,Sony,Milestones,1,Aktif,Pemantauan
Jakarta Timur,Jakarta Timur,W.4.04 - Valedrom,Camera CCTV,"Superior 720p HD picture quality, supporting H.264 at 30 fps",Dinas Perhubungan Provinsi DKI Jakarta,Sony,Milestones,1,Aktif,Pemantauan
Jakarta Timur,Jakarta Timur,E.4.05 - Sunan Giri,Camera CCTV,"Superior 720p HD picture quality, supporting H.264 at 30 fps",Dinas Perhubungan Provinsi DKI Jakarta,Sony,Milestones,1,Aktif,Pemantauan
Jakarta Timur,Jakarta Timur,W.4.05 - Sunan Giri,Camera CCTV,"Superior 720p HD picture quality, supporting H.264 at 30 fps",Dinas Perhubungan Provinsi DKI Jakarta,Sony,Milestones,1,Aktif,Pemantauan
Jakarta Timur,Jakarta Timur,E.4.06 - UNJ,Camera CCTV,"Superior 720p HD picture quality, supporting H.264 at 30 fps",Dinas Perhubungan Provinsi DKI Jakarta,Sony,Milestones,1,Aktif,Pemantauan
Jakarta Timur,Jakarta Timur,W.4.06 - UNJ,Camera CCTV,"Superior 720p HD picture quality, supporting H.264 at 30 fps",Dinas Perhubungan Provinsi DKI Jakarta,Sony,Milestones,1,Aktif,Pemantauan
Jakarta Timur,Jakarta Timur,E.4.07 - Pemuda BPKP,Camera CCTV,"Superior 720p HD picture quality, supporting H.264 at 30 fps",Dinas Perhubungan Provinsi DKI Jakarta,Sony,Milestones,1,Aktif,Pemantauan
Jakarta Timur,Jakarta Timur,W.4.07 - Pemuda BPKP,Camera CCTV,"Superior 720p HD picture quality, supporting H.264 at 30 fps",Dinas Perhubungan Provinsi DKI Jakarta,Sony,Milestones,1,Aktif,Pemantauan
Jakarta Timur,Jakarta Timur,E.4.08 - Pramuka LIA,Camera CCTV,"Superior 720p HD picture quality, supporting H.264 at 30 fps",Dinas Perhubungan Provinsi DKI Jakarta,Sony,Milestones,1,Aktif,Pemantauan
Jakarta Timur,Jakarta Timur,W.4.08 - Pramuka LIA,Camera CCTV,"Superior 720p HD picture quality, supporting H.264 at 30 fps",Dinas Perhubungan Provinsi DKI Jakarta,Sony,Milestones,1,Aktif,Pemantauan
Jakarta Timur,Jakarta Timur,W.4.09 - Utan Kayu,Camera CCTV,"Superior 720p HD picture quality, supporting H.264 at 30 fps",Dinas Perhubungan Provinsi DKI Jakarta,Sony,Milestones,1,Aktif,Pemantauan
Jakarta Timur,Jakarta Timur,W.4.10 - Pasar Genjing,Camera CCTV,"Superior 720p HD picture quality, supporting H.264 at 30 fps",Dinas Perhubungan Provinsi DKI Jakarta,Sony,Milestones,1,Aktif,Pemantauan
Jakarta Timur,Jakarta Timur,E.5.01 - Pasar Jatinegara,Camera CCTV,"Superior 720p HD picture quality, supporting H.264 at 30 fps",Dinas Perhubungan Provinsi DKI Jakarta,Sony,Milestones,1,Down,Pemantauan
Jakarta Timur,Jakarta Timur,W.5.01 - Pasar Jatinegara,Camera CCTV,"Superior 720p HD picture quality, supporting H.264 at 30 fps",Dinas Perhubungan Provinsi DKI Jakarta,Sony,Milestones,1,Down,Pemantauan
Jakarta Timur,Jakarta Timur,E.5.02 - Kebon Pala,Camera CCTV,"Superior 720p HD picture quality, supporting H.264 at 30 fps",Dinas Perhubungan Provinsi DKI Jakarta,Sony,Milestones,1,Aktif,Pemantauan
Jakarta Timur,Jakarta Timur,W.5.02 - Kebon Pala,Camera CCTV,"Superior 720p HD picture quality, supporting H.264 at 30 fps",Dinas Perhubungan Provinsi DKI Jakarta,Sony,Milestones,1,Aktif,Pemantauan
Jakarta Timur,Jakarta Timur,E.5.03 - Selamat Riyadi,Camera CCTV,"Superior 720p HD picture quality, supporting H.264 at 30 fps",Dinas Perhubungan Provinsi DKI Jakarta,Sony,Milestones,1,Aktif,Pemantauan
Jakarta Timur,Jakarta Timur,W.5.03 - Selamat Riyadi,Camera CCTV,"Superior 720p HD picture quality, supporting H.264 at 30 fps",Dinas Perhubungan Provinsi DKI Jakarta,Sony,Milestones,1,Aktif,Pemantauan
Jakarta Timur,Jakarta Timur,E.5.04 - Tegalan,Camera CCTV,"Superior 720p HD picture quality, supporting H.264 at 30 fps",Dinas Perhubungan Provinsi DKI Jakarta,Sony,Milestones,1,Aktif,Pemantauan
Jakarta Timur,Jakarta Timur,W.5.04 - Tegalan,Camera CCTV,"Superior 720p HD picture quality, supporting H.264 at 30 fps",Dinas Perhubungan Provinsi DKI Jakarta,Sony,Milestones,1,Aktif,Pemantauan
Jakarta Timur,Jakarta Timur,E.5.05 - Matraman,Camera CCTV,"Superior 720p HD picture quality, supporting H.264 at 30 fps",Dinas Perhubungan Provinsi DKI Jakarta,Sony,Milestones,1,Down,Pemantauan
Jakarta Timur,Jakarta Timur,W.5.05 - Matraman,Camera CCTV,"Superior 720p HD picture quality, supporting H.264 at 30 fps",Dinas Perhubungan Provinsi DKI Jakarta,Sony,Milestones,1,Down,Pemantauan
Jakarta Timur,Jakarta Timur,N.5.05 - Matraman,Camera CCTV,"Superior 720p HD picture quality, supporting H.264 at 30 fps",Dinas Perhubungan Provinsi DKI Jakarta,Sony,Milestones,1,Down,Pemantauan
Jakarta Timur,Jakarta Timur,S.5.05 - Matraman,Camera CCTV,"Superior 720p HD picture quality, supporting H.264 at 30 fps",Dinas Perhubungan Provinsi DKI Jakarta,Sony,Milestones,1,Down,Pemantauan
Jakarta Timur,Jakarta Timur,Sunan Giri 2 ,Camera CCTV,"HD at 30fps, Visibility Enhancer XDNR Three Codecs, Dual-encoding, Intelligent Motion Detection, Video Motion Filter, Tampering Alarm, Advanced Audio Detction 15° Tilt-up 360° Endless Panning",Dinas Perhubungan Provinsi DKI Jakarta,Sony,Milestones,1,Down,Pemantauan TL
Jakarta Timur,Jakarta Timur,Kampung Melayu,Camera CCTV,"HD at 30fps, Visibility Enhancer XDNR Three Codecs, Dual-encoding, Intelligent Motion Detection, Video Motion Filter, Tampering Alarm, Advanced Audio Detction 15° Tilt-up 360° Endless Panning",Dinas Perhubungan Provinsi DKI Jakarta,Sony,Milestones,1,Down,Pemantauan TL
Jakarta Timur,Jakarta Timur,TU Gas,Camera CCTV,"HD at 30fps, Visibility Enhancer XDNR Three Codecs, Dual-encoding, Intelligent Motion Detection, Video Motion Filter, Tampering Alarm, Advanced Audio Detction 15° Tilt-up 360° Endless Panning",Dinas Perhubungan Provinsi DKI Jakarta,Sony,Milestones,1,Down,Pemantauan TL
Jakarta Timur,Jakarta Timur,Jatinegara 1,Camera CCTV,"Superior 720p HD picture quality, supporting H.264 at 30 fps",Dinas Perhubungan Provinsi DKI Jakarta,Sony,Milestones,1,Aktif,Pemantauan
Jakarta Timur,Jakarta Timur,Jatinegara 2,Camera CCTV,"Superior 720p HD picture quality, supporting H.264 at 30 fps",Dinas Perhubungan Provinsi DKI Jakarta,Sony,Milestones,1,Aktif,Pemantauan
Jakarta Timur,Jakarta Timur,Jatinegara 3,Camera CCTV,"Superior 720p HD picture quality, supporting H.264 at 30 fps",Dinas Perhubungan Provinsi DKI Jakarta,Sony,Milestones,1,Aktif,Pemantauan
Jakarta Timur,Jakarta Timur,Jatinegara 4,Camera CCTV,"Superior 720p HD picture quality, supporting H.264 at 30 fps",Dinas Perhubungan Provinsi DKI Jakarta,Sony,Milestones,1,Aktif,Pemantauan
Jakarta Timur,Jakarta Timur,Pasar Rebo,Camera CCTV,"HD at 30fps, Visibility Enhancer XDNR Three Codecs, Dual-encoding, Intelligent Motion Detection, Video Motion Filter, Tampering Alarm, Advanced Audio Detction 15° Tilt-up 360° Endless Panning",Dinas Perhubungan Provinsi DKI Jakarta,Sony,Milestones,1,Aktif,Pemantauan
Jakarta Timur,Jakarta Timur,Asmi 1,Camera CCTV,"Superior 720p HD picture quality, supporting H.264 at 30 fps",Dinas Perhubungan Provinsi DKI Jakarta,Sony,Milestones,1,Aktif,Pemantauan
Jakarta Timur,Jakarta Timur,Asmi 2,Camera CCTV,"Superior 720p HD picture quality, supporting H.264 at 30 fps",Dinas Perhubungan Provinsi DKI Jakarta,Sony,Milestones,1,Aktif,Pemantauan
Jakarta Timur,Jakarta Timur,Gelanggang Remaja 1,Camera CCTV,"Superior 720p HD picture quality, supporting H.264 at 30 fps",Dinas Perhubungan Provinsi DKI Jakarta,Sony,Milestones,1,Aktif,Pemantauan
Jakarta Timur,Jakarta Timur,Gelanggang Remaja 2,Camera CCTV,"Superior 720p HD picture quality, supporting H.264 at 30 fps",Dinas Perhubungan Provinsi DKI Jakarta,Sony,Milestones,1,Aktif,Pemantauan
Jakarta Timur,Jakarta Timur,Pasar Kramat Jati 1,Camera CCTV,"Superior 720p HD picture quality, supporting H.264 at 30 fps",Dinas Perhubungan Provinsi DKI Jakarta,Sony,Milestones,1,Down,Pemantauan
Jakarta Timur,Jakarta Timur,Pasar Kramat Jati 2,Camera CCTV,"Superior 720p HD picture quality, supporting H.264 at 30 fps",Dinas Perhubungan Provinsi DKI Jakarta,Sony,Milestones,1,Down,Pemantauan
Jakarta Timur,Jakarta Timur / Pusat,Matraman,Camera CCTV,"HD at 30fps, Visibility Enhancer XDNR Three Codecs, Dual-encoding, Intelligent Motion Detection, Video Motion Filter, Tampering Alarm, Advanced Audio Detction 15° Tilt-up 360° Endless Panning",Dinas Perhubungan Provinsi DKI Jakarta,Sony,Milestones,1,Aktif,Pemantauan TL
Jakarta Selatan,Jakarta Selatan,E.4.11 - Pasar Rumput,Camera CCTV,"Superior 720p HD picture quality, supporting H.264 at 30 fps",Dinas Perhubungan Provinsi DKI Jakarta,Sony,Milestones,1,Aktif,Pemantauan
Jakarta Selatan,Jakarta Selatan,W.4.11 - Pasar Rumput,Camera CCTV,"Superior 720p HD picture quality, supporting H.264 at 30 fps",Dinas Perhubungan Provinsi DKI Jakarta,Sony,Milestones,1,Aktif,Pemantauan
Jakarta Selatan,Jakarta Selatan,E.4.12 - Halimun,Camera CCTV,"Superior 720p HD picture quality, supporting H.264 at 30 fps",Dinas Perhubungan Provinsi DKI Jakarta,Sony,Milestones,1,Aktif,Pemantauan
Jakarta Selatan,Jakarta Selatan,W.4.12 - Halimun,Camera CCTV,"Superior 720p HD picture quality, supporting H.264 at 30 fps",Dinas Perhubungan Provinsi DKI Jakarta,Sony,Milestones,1,Aktif,Pemantauan
Jakarta Selatan,Jakarta Selatan,S.6.01 - Dep Pertanian,Camera CCTV,"Superior 720p HD picture quality, supporting H.264 at 30 fps",Dinas Perhubungan Provinsi DKI Jakarta,Sony,Milestones,1,Down,Pemantauan
Jakarta Selatan,Jakarta Selatan,W.6.01 - Dep Pertanian,Camera CCTV,"Superior 720p HD picture quality, supporting H.264 at 30 fps",Dinas Perhubungan Provinsi DKI Jakarta,Sony,Milestones,1,Down,Pemantauan
Jakarta Selatan,Jakarta Selatan,S.6.02 - SMK 57,Camera CCTV,"Superior 720p HD picture quality, supporting H.264 at 30 fps",Dinas Perhubungan Provinsi DKI Jakarta,Sony,Milestones,1,Aktif,Pemantauan
Jakarta Selatan,Jakarta Selatan,W.6.02 - SMK 57,Camera CCTV,"Superior 720p HD picture quality, supporting H.264 at 30 fps",Dinas Perhubungan Provinsi DKI Jakarta,Sony,Milestones,1,Aktif,Pemantauan
Jakarta Selatan,Jakarta Selatan,S.6.03 - Jati Padang,Camera CCTV,"Superior 720p HD picture quality, supporting H.264 at 30 fps",Dinas Perhubungan Provinsi DKI Jakarta,Sony,Milestones,1,Aktif,Pemantauan
Jakarta Selatan,Jakarta Selatan,W.6.03 - Jati Padang,Camera CCTV,"Superior 720p HD picture quality, supporting H.264 at 30 fps",Dinas Perhubungan Provinsi DKI Jakarta,Sony,Milestones,1,Aktif,Pemantauan
Jakarta Selatan,Jakarta Selatan,S.6.04 - Pejaten,Camera CCTV,"Superior 720p HD picture quality, supporting H.264 at 30 fps",Dinas Perhubungan Provinsi DKI Jakarta,Sony,Milestones,1,Aktif,Pemantauan
Jakarta Selatan,Jakarta Selatan,W.6.04 - Pejaten,Camera CCTV,"Superior 720p HD picture quality, supporting H.264 at 30 fps",Dinas Perhubungan Provinsi DKI Jakarta,Sony,Milestones,1,Aktif,Pemantauan
Jakarta Selatan,Jakarta Selatan,S.6.05 - Buncit,Camera CCTV,"Superior 720p HD picture quality, supporting H.264 at 30 fps",Dinas Perhubungan Provinsi DKI Jakarta,Sony,Milestones,1,Aktif,Pemantauan
Jakarta Selatan,Jakarta Selatan,W.6.05 - Buncit,Camera CCTV,"Superior 720p HD picture quality, supporting H.264 at 30 fps",Dinas Perhubungan Provinsi DKI Jakarta,Sony,Milestones,1,Aktif,Pemantauan
Jakarta Selatan,Jakarta Selatan,S.6.06 - Warung Jati,Camera CCTV,"Superior 720p HD picture quality, supporting H.264 at 30 fps",Dinas Perhubungan Provinsi DKI Jakarta,Sony,Milestones,1,Aktif,Pemantauan
Jakarta Selatan,Jakarta Selatan,W.6.06 - Warung Jati,Camera CCTV,"Superior 720p HD picture quality, supporting H.264 at 30 fps",Dinas Perhubungan Provinsi DKI Jakarta,Sony,Milestones,1,Aktif,Pemantauan
Jakarta Selatan,Jakarta Selatan,S.6.07 - Imigrasi,Camera CCTV,"Superior 720p HD picture quality, supporting H.264 at 30 fps",Dinas Perhubungan Provinsi DKI Jakarta,Sony,Milestones,1,Aktif,Pemantauan
Jakarta Selatan,Jakarta Selatan,W.6.07 - Imigrasi,Camera CCTV,"Superior 720p HD picture quality, supporting H.264 at 30 fps",Dinas Perhubungan Provinsi DKI Jakarta,Sony,Milestones,1,Aktif,Pemantauan
Jakarta Selatan,Jakarta Selatan,S.6.08 - Duren Tiga,Camera CCTV,"Superior 720p HD picture quality, supporting H.264 at 30 fps",Dinas Perhubungan Provinsi DKI Jakarta,Sony,Milestones,1,Aktif,Pemantauan
Jakarta Selatan,Jakarta Selatan,S.6.08 - Duren Tiga,Camera CCTV,"Superior 720p HD picture quality, supporting H.264 at 30 fps",Dinas Perhubungan Provinsi DKI Jakarta,Sony,Milestones,1,Aktif,Pemantauan
Jakarta Selatan,Jakarta Selatan,S.6.09 - Mampang Prapatan,Camera CCTV,"Superior 720p HD picture quality, supporting H.264 at 30 fps",Dinas Perhubungan Provinsi DKI Jakarta,Sony,Milestones,1,Aktif,Pemantauan
Jakarta Selatan,Jakarta Selatan,S.6.09 - Mampang Prapatan,Camera CCTV,"Superior 720p HD picture quality, supporting H.264 at 30 fps",Dinas Perhubungan Provinsi DKI Jakarta,Sony,Milestones,1,Aktif,Pemantauan
Jakarta Selatan,Jakarta Selatan,S.6.10 - Kuningan Timur,Camera CCTV,"Superior 720p HD picture quality, supporting H.264 at 30 fps",Dinas Perhubungan Provinsi DKI Jakarta,Sony,Milestones,1,Aktif,Pemantauan
Jakarta Selatan,Jakarta Selatan,W.6.10 - Kuningan Timur,Camera CCTV,"Superior 720p HD picture quality, supporting H.264 at 30 fps",Dinas Perhubungan Provinsi DKI Jakarta,Sony,Milestones,1,Aktif,Pemantauan
Jakarta Selatan,Jakarta Selatan,S.6.11 - Patra Kuningan,Camera CCTV,"Superior 720p HD picture quality, supporting H.264 at 30 fps",Dinas Perhubungan Provinsi DKI Jakarta,Sony,Milestones,1,Aktif,Pemantauan
Jakarta Selatan,Jakarta Selatan,W.6.11 - Patra Kuningan,Camera CCTV,"Superior 720p HD picture quality, supporting H.264 at 30 fps",Dinas Perhubungan Provinsi DKI Jakarta,Sony,Milestones,1,Aktif,Pemantauan
Jakarta Selatan,Jakarta Selatan,S.6.12 - Depkes,Camera CCTV,"Superior 720p HD picture quality, supporting H.264 at 30 fps",Dinas Perhubungan Provinsi DKI Jakarta,Sony,Milestones,1,Aktif,Pemantauan
Jakarta Selatan,Jakarta Selatan,W.6.12 - Depkes,Camera CCTV,"Superior 720p HD picture quality, supporting H.264 at 30 fps",Dinas Perhubungan Provinsi DKI Jakarta,Sony,Milestones,1,Aktif,Pemantauan
Jakarta Selatan,Jakarta Selatan,S.6.13 - GOR Sumantri,Camera CCTV,"Superior 720p HD picture quality, supporting H.264 at 30 fps",Dinas Perhubungan Provinsi DKI Jakarta,Sony,Milestones,1,Aktif,Pemantauan
Jakarta Selatan,Jakarta Selatan,W.6.13 - GOR Sumantri,Camera CCTV,"Superior 720p HD picture quality, supporting H.264 at 30 fps",Dinas Perhubungan Provinsi DKI Jakarta,Sony,Milestones,1,Aktif,Pemantauan
Jakarta Selatan,Jakarta Selatan,S.6.14 - Karet Kuningan,Camera CCTV,"Superior 720p HD picture quality, supporting H.264 at 30 fps",Dinas Perhubungan Provinsi DKI Jakarta,Sony,Milestones,1,Aktif,Pemantauan
Jakarta Selatan,Jakarta Selatan,W.6.14 - Karet Kuningan,Camera CCTV,"Superior 720p HD picture quality, supporting H.264 at 30 fps",Dinas Perhubungan Provinsi DKI Jakarta,Sony,Milestones,1,Aktif,Pemantauan
Jakarta Selatan,Jakarta Selatan,S.6 15 - Kuningan Madya Aini,Camera CCTV,"Superior 720p HD picture quality, supporting H.264 at 30 fps",Dinas Perhubungan Provinsi DKI Jakarta,Sony,Milestones,1,Down,Pemantauan
Jakarta Selatan,Jakarta Selatan,W.6.15 - Kuningan Madya Aini,Camera CCTV,"Superior 720p HD picture quality, supporting H.264 at 30 fps",Dinas Perhubungan Provinsi DKI Jakarta,Sony,Milestones,1,Down,Pemantauan
Jakarta Selatan,Jakarta Selatan,S.6.16 - Setiabudi Utara,Camera CCTV,"Superior 720p HD picture quality, supporting H.264 at 30 fps",Dinas Perhubungan Provinsi DKI Jakarta,Sony,Milestones,1,Aktif,Pemantauan
Jakarta Selatan,Jakarta Selatan,W.6.16 - Setiabudi Utara,Camera CCTV,"Superior 720p HD picture quality, supporting H.264 at 30 fps",Dinas Perhubungan Provinsi DKI Jakarta,Sony,Milestones,1,Aktif,Pemantauan
Jakarta Selatan,Jakarta Selatan,Pertigaan Minangkabau,Camera CCTV,"HD at 30fps, Visibility Enhancer XDNR Three Codecs, Dual-encoding, Intelligent Motion Detection, Video Motion Filter, Tampering Alarm, Advanced Audio Detction 15° Tilt-up 360° Endless Panning",Dinas Perhubungan Provinsi DKI Jakarta,Sony,Milestones,1,Aktif,Pemantauan TL
Jakarta Selatan,Jakarta Selatan,CSW,Camera CCTV,"HD at 30fps, Visibility Enhancer XDNR Three Codecs, Dual-encoding, Intelligent Motion Detection, Video Motion Filter, Tampering Alarm, Advanced Audio Detction 15° Tilt-up 360° Endless Panning",Dinas Perhubungan Provinsi DKI Jakarta,Sony,Milestones,1,Down,Pemantauan TL
Jakarta Selatan,Jakarta Selatan,Pasar Minggu 1,Camera CCTV,"HD at 30fps, Visibility Enhancer XDNR Three Codecs, Dual-encoding, Intelligent Motion Detection, Video Motion Filter, Tampering Alarm, Advanced Audio Detction 15° Tilt-up 360° Endless Panning",Dinas Perhubungan Provinsi DKI Jakarta,Sony,Milestones,1,Down,Pemantauan
Jakarta Selatan,Jakarta Selatan,Pasar Minggu 2,Camera CCTV,"HD at 30fps, Visibility Enhancer XDNR Three Codecs, Dual-encoding, Intelligent Motion Detection, Video Motion Filter, Tampering Alarm, Advanced Audio Detction 15° Tilt-up 360° Endless Panning",Dinas Perhubungan Provinsi DKI Jakarta,Sony,Milestones,1,Down,Pemantauan
Jakarta Selatan,Jakarta Selatan,Pasar Minggu 3,Camera CCTV,"HD at 30fps, Visibility Enhancer XDNR Three Codecs, Dual-encoding, Intelligent Motion Detection, Video Motion Filter, Tampering Alarm, Advanced Audio Detction 15° Tilt-up 360° Endless Panning",Dinas Perhubungan Provinsi DKI Jakarta,Sony,Milestones,1,Down,Pemantauan
Jakarta Selatan,Jakarta Selatan,Pasar Minggu 4,Camera CCTV,"HD at 30fps, Visibility Enhancer XDNR Three Codecs, Dual-encoding, Intelligent Motion Detection, Video Motion Filter, Tampering Alarm, Advanced Audio Detction 15° Tilt-up 360° Endless Panning",Dinas Perhubungan Provinsi DKI Jakarta,Sony,Milestones,1,Down,Pemantauan
Jakarta Selatan,Jakarta Selatan,Pondok Indah 2 1,Camera CCTV,"Superior 720p HD picture quality, supporting H.264 at 30 fps",Dinas Perhubungan Provinsi DKI Jakarta,Sony,Milestones,1,Aktif,Pemantauan
Jakarta Selatan,Jakarta Selatan,Pondok Indah 2 2 ,Camera CCTV,"Superior 720p HD picture quality, supporting H.264 at 30 fps",Dinas Perhubungan Provinsi DKI Jakarta,Sony,Milestones,1,Aktif,Pemantauan
Jakarta Barat,Jakarta Barat,Kelapa Dua Sasak 1,Camera CCTV,"Superior 720p HD picture quality, supporting H.264 at 30 fps",Dinas Perhubungan Provinsi DKI Jakarta,Sony,Milestones,1,Aktif,Pemantauan
Jakarta Barat,Jakarta Barat,Kelapa Dua Sasak 2,Camera CCTV,"Superior 720p HD picture quality, supporting H.264 at 30 fps",Dinas Perhubungan Provinsi DKI Jakarta,Sony,Milestones,1,Aktif,Pemantauan
Jakarta Barat,Jakarta Barat,Rawa Buaya 1,Camera CCTV,"Superior 720p HD picture quality, supporting H.264 at 30 fps",Dinas Perhubungan Provinsi DKI Jakarta,Sony,Milestones,1,Aktif,Pemantauan
Jakarta Barat,Jakarta Barat,Rawa Buaya 2,Camera CCTV,"Superior 720p HD picture quality, supporting H.264 at 30 fps",Dinas Perhubungan Provinsi DKI Jakarta,Sony,Milestones,1,Aktif,Pemantauan
Jakarta Barat,Jakarta Barat,Grogol 1,Camera CCTV,"Superior 720p HD picture quality, supporting H.264 at 30 fps",Dinas Perhubungan Provinsi DKI Jakarta,Sony,Milestones,1,Aktif,Pemantauan
Jakarta Barat,Jakarta Barat,Grogol 2,Camera CCTV,"Superior 720p HD picture quality, supporting H.264 at 30 fps",Dinas Perhubungan Provinsi DKI Jakarta,Sony,Milestones,1,Down,Pemantauan
Jakarta Barat,Jakarta Barat,Pakin,Camera CCTV,"HD at 30fps, Visibility Enhancer XDNR Three Codecs, Dual-encoding, Intelligent Motion Detection, Video Motion Filter, Tampering Alarm, Advanced Audio Detction 15° Tilt-up 360° Endless Panning",Dinas Perhubungan Provinsi DKI Jakarta,Sony,Milestones,1,Aktif,Pemantauan
Jakarta Utara,Jakarta Utara,E.5.12 - Jembatan Merah,Camera CCTV,"Superior 720p HD picture quality, supporting H.264 at 30 fps",Dinas Perhubungan Provinsi DKI Jakarta,Sony,Milestones,1,Aktif,Pemantauan
Jakarta Utara,Jakarta Utara,W.5.12 - Jembatan Merah,Camera CCTV,"Superior 720p HD picture quality, supporting H.264 at 30 fps",Dinas Perhubungan Provinsi DKI Jakarta,Sony,Milestones,1,Aktif,Pemantauan
Jakarta Utara,Jakarta Utara,E.5.13 - WTC Mangga Dua,Camera CCTV,"Superior 720p HD picture quality, supporting H.264 at 30 fps",Dinas Perhubungan Provinsi DKI Jakarta,Sony,Milestones,1,Aktif,Pemantauan
Jakarta Utara,Jakarta Utara,W.5.13 - WTC Mangga Dua,Camera CCTV,"Superior 720p HD picture quality, supporting H.264 at 30 fps",Dinas Perhubungan Provinsi DKI Jakarta,Sony,Milestones,1,Aktif,Pemantauan
Jakarta Utara,Jakarta Utara,E.5.14 - Pademangan,Camera CCTV,"Superior 720p HD picture quality, supporting H.264 at 30 fps",Dinas Perhubungan Provinsi DKI Jakarta,Sony,Milestones,1,Aktif,Pemantauan
Jakarta Utara,Jakarta Utara,W.5.14 - Pademangan,Camera CCTV,"Superior 720p HD picture quality, supporting H.264 at 30 fps",Dinas Perhubungan Provinsi DKI Jakarta,Sony,Milestones,1,Aktif,Pemantauan
Jakarta Utara,Jakarta Utara,Kali Besar Barat,Camera CCTV,"HD at 30fps, Visibility Enhancer XDNR Three Codecs, Dual-encoding, Intelligent Motion Detection, Video Motion Filter, Tampering Alarm, Advanced Audio Detction 15° Tilt-up 360° Endless Panning",Dinas Perhubungan Provinsi DKI Jakarta,Sony,Milestones,1,Down,Pemantauan
Jakarta Pusat,Jakarta Pusat,E.4.09 - Utan Kayu,Camera CCTV,"Superior 720p HD picture quality, supporting H.264 at 30 fps",Dinas Perhubungan Provinsi DKI Jakarta,Sony,Milestones,1,Aktif,Pemantauan
Jakarta Pusat,Jakarta Pusat,E.4.10 - Pasar Genjing,Camera CCTV,"Superior 720p HD picture quality, supporting H.264 at 30 fps",Dinas Perhubungan Provinsi DKI Jakarta,Sony,Milestones,1,Aktif,Pemantauan
Jakarta Pusat,Jakarta Pusat,E.4.13 - Dukuh Atas,Camera CCTV,"Superior 720p HD picture quality, supporting H.264 at 30 fps",Dinas Perhubungan Provinsi DKI Jakarta,Sony,Milestones,1,Aktif,Pemantauan
Jakarta Pusat,Jakarta Pusat,W.4.13 - Dukuh Atas,Camera CCTV,"Superior 720p HD picture quality, supporting H.264 at 30 fps",Dinas Perhubungan Provinsi DKI Jakarta,Sony,Milestones,1,Aktif,Pemantauan
Jakarta Pusat,Jakarta Pusat,E.5.06 - Salemba Carolus,Camera CCTV,"Superior 720p HD picture quality, supporting H.264 at 30 fps",Dinas Perhubungan Provinsi DKI Jakarta,Sony,Milestones,1,Down,Pemantauan
Jakarta Pusat,Jakarta Pusat,W.5.06 - Salemba Carolus,Camera CCTV,"Superior 720p HD picture quality, supporting H.264 at 30 fps",Dinas Perhubungan Provinsi DKI Jakarta,Sony,Milestones,1,Aktif,Pemantauan
Jakarta Pusat,Jakarta Pusat,E.5.07 - UI salemba,Camera CCTV,"Superior 720p HD picture quality, supporting H.264 at 30 fps",Dinas Perhubungan Provinsi DKI Jakarta,Sony,Milestones,1,Down,Pemantauan
Jakarta Pusat,Jakarta Pusat,W.5.07 - UI Salemba,Camera CCTV,"Superior 720p HD picture quality, supporting H.264 at 30 fps",Dinas Perhubungan Provinsi DKI Jakarta,Sony,Milestones,1,Aktif,Pemantauan
Jakarta Pusat,Jakarta Pusat,E.5.08 - Kramat Sentiong,Camera CCTV,"Superior 720p HD picture quality, supporting H.264 at 30 fps",Dinas Perhubungan Provinsi DKI Jakarta,Sony,Milestones,1,Down,Pemantauan
Jakarta Pusat,Jakarta Pusat,W.5.08 - Kramat Sentiong,Camera CCTV,"Superior 720p HD picture quality, supporting H.264 at 30 fps",Dinas Perhubungan Provinsi DKI Jakarta,Sony,Milestones,1,Aktif,Pemantauan
Jakarta Pusat,Jakarta Pusat,E.5.09 - Pal Putih,Camera CCTV,"Superior 720p HD picture quality, supporting H.264 at 30 fps",Dinas Perhubungan Provinsi DKI Jakarta,Sony,Milestones,1,Aktif,Pemantauan
Jakarta Pusat,Jakarta Pusat,W.5.09 - Pal Putih,Camera CCTV,"Superior 720p HD picture quality, supporting H.264 at 30 fps",Dinas Perhubungan Provinsi DKI Jakarta,Sony,Milestones,1,Aktif,Pemantauan
Jakarta Pusat,Jakarta Pusat,E.5.10 - Budi Utomo,Camera CCTV,"Superior 720p HD picture quality, supporting H.264 at 30 fps",Dinas Perhubungan Provinsi DKI Jakarta,Sony,Milestones,1,Aktif,Pemantauan
Jakarta Pusat,Jakarta Pusat,W.5.10 - Budi Utomo,Camera CCTV,"Superior 720p HD picture quality, supporting H.264 at 30 fps",Dinas Perhubungan Provinsi DKI Jakarta,Sony,Milestones,1,Aktif,Pemantauan
Jakarta Pusat,Jakarta Pusat,E.5.11 - Pasar Baru,Camera CCTV,"Superior 720p HD picture quality, supporting H.264 at 30 fps",Dinas Perhubungan Provinsi DKI Jakarta,Sony,Milestones,1,Aktif,Pemantauan
Jakarta Pusat,Jakarta Pusat,W.5.11 - Pasar Baru,Camera CCTV,"Superior 720p HD picture quality, supporting H.264 at 30 fps",Dinas Perhubungan Provinsi DKI Jakarta,Sony,Milestones,1,Aktif,Pemantauan
Jakarta Pusat,Jakarta Pusat,Budi Kemuliaan,Camera CCTV,"HD at 30fps, Visibility Enhancer XDNR Three Codecs, Dual-encoding, Intelligent Motion Detection, Video Motion Filter, Tampering Alarm, Advanced Audio Detction 15° Tilt-up 360° Endless Panning",Dinas Perhubungan Provinsi DKI Jakarta,Sony,Milestones,1,Down,Pemantauan TL
Jakarta Pusat,Jakarta Pusat,Hotel Milenium / Sorong,Camera CCTV,"HD at 30fps, Visibility Enhancer XDNR Three Codecs, Dual-encoding, Intelligent Motion Detection, Video Motion Filter, Tampering Alarm, Advanced Audio Detction 15° Tilt-up 360° Endless Panning",Dinas Perhubungan Provinsi DKI Jakarta,Sony,Milestones,1,Down,Pemantauan TL
Jakarta Pusat,Jakarta Pusat,Jati Baru,Camera CCTV,"HD at 30fps, Visibility Enhancer XDNR Three Codecs, Dual-encoding, Intelligent Motion Detection, Video Motion Filter, Tampering Alarm, Advanced Audio Detction 15° Tilt-up 360° Endless Panning",Dinas Perhubungan Provinsi DKI Jakarta,Sony,Milestones,1,Down,Pemantauan TL
Jakarta Pusat,Jakarta Pusat,Harmoni,Camera CCTV,"HD at 30fps, Visibility Enhancer XDNR Three Codecs, Dual-encoding, Intelligent Motion Detection, Video Motion Filter, Tampering Alarm, Advanced Audio Detction 15° Tilt-up 360° Endless Panning",Dinas Perhubungan Provinsi DKI Jakarta,Sony,Milestones,1,Aktif,Pemantauan TL
Jakarta Pusat,Jakarta Pusat,Kebon Sirih Sabang,Camera CCTV,"HD at 30fps, Visibility Enhancer XDNR Three Codecs, Dual-encoding, Intelligent Motion Detection, Video Motion Filter, Tampering Alarm, Advanced Audio Detction 15° Tilt-up 360° Endless Panning",Dinas Perhubungan Provinsi DKI Jakarta,Sony,Milestones,1,Aktif,Pemantauan TL
Jakarta Pusat,Jakarta Pusat,Kebon Sirih Thamrin,Camera CCTV,"HD at 30fps, Visibility Enhancer XDNR Three Codecs, Dual-encoding, Intelligent Motion Detection, Video Motion Filter, Tampering Alarm, Advanced Audio Detction 15° Tilt-up 360° Endless Panning",Dinas Perhubungan Provinsi DKI Jakarta,Sony,Milestones,1,Aktif,Pemantauan TL
Jakarta Pusat,Jakarta Pusat,Patung Kuda,Camera CCTV,"HD at 30fps, Visibility Enhancer XDNR Three Codecs, Dual-encoding, Intelligent Motion Detection, Video Motion Filter, Tampering Alarm, Advanced Audio Detction 15° Tilt-up 360° Endless Panning",Dinas Perhubungan Provinsi DKI Jakarta,Sony,Milestones,1,Down,Pemantauan TL
Jakarta Pusat,Jakarta Pusat,Dukuh Atas,Camera CCTV,"HD at 30fps, Visibility Enhancer XDNR Three Codecs, Dual-encoding, Intelligent Motion Detection, Video Motion Filter, Tampering Alarm, Advanced Audio Detction 15° Tilt-up 360° Endless Panning",Dinas Perhubungan Provinsi DKI Jakarta,Sony,Milestones,1,Aktif,Pemantauan TL
Jakarta Pusat,Jakarta Pusat,Roxy,Camera CCTV,"HD at 30fps, Visibility Enhancer XDNR Three Codecs, Dual-encoding, Intelligent Motion Detection, Video Motion Filter, Tampering Alarm, Advanced Audio Detction 15° Tilt-up 360° Endless Panning",Dinas Perhubungan Provinsi DKI Jakarta,Sony,Milestones,1,Down,Pemantauan
Jakarta Pusat,Jakarta Pusat,Tanah Abang 1,Camera CCTV,"HD at 30fps, Visibility Enhancer XDNR Three Codecs, Dual-encoding, Intelligent Motion Detection, Video Motion Filter, Tampering Alarm, Advanced Audio Detction 15° Tilt-up 360° Endless Panning",Dinas Perhubungan Provinsi DKI Jakarta,Sony,Milestones,1,Down,Pemantauan
Jakarta Pusat,Jakarta Pusat,Tanah Abang 2,Camera CCTV,"HD at 30fps, Visibility Enhancer XDNR Three Codecs, Dual-encoding, Intelligent Motion Detection, Video Motion Filter, Tampering Alarm, Advanced Audio Detction 15° Tilt-up 360° Endless Panning",Dinas Perhubungan Provinsi DKI Jakarta,Sony,Milestones,1,Down,Pemantauan
Jakarta Pusat,Jakarta Pusat,Tanah Abang 3,Camera CCTV,"HD at 30fps, Visibility Enhancer XDNR Three Codecs, Dual-encoding, Intelligent Motion Detection, Video Motion Filter, Tampering Alarm, Advanced Audio Detction 15° Tilt-up 360° Endless Panning",Dinas Perhubungan Provinsi DKI Jakarta,Sony,Milestones,1,Down,Pemantauan
Jakarta Pusat,Jakarta Pusat,Tanah Abang 4,Camera CCTV,"HD at 30fps, Visibility Enhancer XDNR Three Codecs, Dual-encoding, Intelligent Motion Detection, Video Motion Filter, Tampering Alarm, Advanced Audio Detction 15° Tilt-up 360° Endless Panning",Dinas Perhubungan Provinsi DKI Jakarta,Sony,Milestones,1,Down,Pemantauan
Jakarta Pusat,Jakarta Pusat,Tanah Abang 5,Camera CCTV,"HD at 30fps, Visibility Enhancer XDNR Three Codecs, Dual-encoding, Intelligent Motion Detection, Video Motion Filter, Tampering Alarm, Advanced Audio Detction 15° Tilt-up 360° Endless Panning",Dinas Perhubungan Provinsi DKI Jakarta,Sony,Milestones,1,Down,Pemantauan
Jakarta Pusat,Jakarta Pusat,Tanah Abang 6,Camera CCTV,"HD at 30fps, Visibility Enhancer XDNR Three Codecs, Dual-encoding, Intelligent Motion Detection, Video Motion Filter, Tampering Alarm, Advanced Audio Detction 15° Tilt-up 360° Endless Panning",Dinas Perhubungan Provinsi DKI Jakarta,Sony,Milestones,1,Down,Pemantauan
Jakarta Pusat,Jakarta Pusat,Tanah Abang 7,Camera CCTV,"HD at 30fps, Visibility Enhancer XDNR Three Codecs, Dual-encoding, Intelligent Motion Detection, Video Motion Filter, Tampering Alarm, Advanced Audio Detction 15° Tilt-up 360° Endless Panning",Dinas Perhubungan Provinsi DKI Jakarta,Sony,Milestones,1,Down,Pemantauan
Jakarta Pusat,Jakarta Pusat,Tanah Abang 8,Camera CCTV,"HD at 30fps, Visibility Enhancer XDNR Three Codecs, Dual-encoding, Intelligent Motion Detection, Video Motion Filter, Tampering Alarm, Advanced Audio Detction 15° Tilt-up 360° Endless Panning",Dinas Perhubungan Provinsi DKI Jakarta,Sony,Milestones,1,Aktif,Pemantauan
Jakarta Pusat,Jakarta Pusat,Tanah Abang 9,Camera CCTV,"HD at 30fps, Visibility Enhancer XDNR Three Codecs, Dual-encoding, Intelligent Motion Detection, Video Motion Filter, Tampering Alarm, Advanced Audio Detction 15° Tilt-up 360° Endless Panning",Dinas Perhubungan Provinsi DKI Jakarta,Sony,Milestones,1,Aktif,Pemantauan
Jakarta Pusat,Jakarta Pusat,Jembatan 3 1,Camera CCTV,"HD at 30fps, Visibility Enhancer XDNR Three Codecs, Dual-encoding, Intelligent Motion Detection, Video Motion Filter, Tampering Alarm, Advanced Audio Detction 15° Tilt-up 360° Endless Panning",Dinas Perhubungan Provinsi DKI Jakarta,Sony,Milestones,1,Aktif,Pemantauan
Jakarta Pusat,Jakarta Pusat,Jembatan 3 2,Camera CCTV,"HD at 30fps, Visibility Enhancer XDNR Three Codecs, Dual-encoding, Intelligent Motion Detection, Video Motion Filter, Tampering Alarm, Advanced Audio Detction 15° Tilt-up 360° Endless Panning",Dinas Perhubungan Provinsi DKI Jakarta,Sony,Milestones,1,Aktif,Pemantauan
Jakarta Pusat,Jakarta Pusat,Galur 1,Camera CCTV,"Superior 720p HD picture quality, supporting H.264 at 30 fps",Dinas Perhubungan Provinsi DKI Jakarta,Sony,Milestones,1,Aktif,Pemantauan
Jakarta Pusat,Jakarta Pusat,Galur 2,Camera CCTV,"Superior 720p HD picture quality, supporting H.264 at 30 fps",Dinas Perhubungan Provinsi DKI Jakarta,Sony,Milestones,1,Aktif,Pemantauan
