id,kode_provinsi,nama_provinsi,kode_kabupaten_kota,nama_kabupaten_kota,cabang_pelayanan,jumlah_kendaraan,satuan,tahun
1,32,JAWA BARAT,3201,KABUPATEN BOGOR,KABUPATEN BOGOR (CIBINONG),719720,UNIT,2013
2,32,JAWA BARAT,3202,KABUPATEN SUKABUMI,KABUPATEN SUKABUMI I (CIBADAK),168624,UNIT,2013
3,32,JAWA BARAT,3202,KABUPATEN SUKABUMI,KABUPATEN SUKABUMI II (PELABUHAN RATU),86419,UNIT,2013
4,32,JAWA BARAT,3203,KABUPATEN CIANJUR,KABUPATEN CIANJUR,217202,UNIT,2013
5,32,JAWA BARAT,3204,KABUPATEN BANDUNG,KABUPATEN BANDUNG I (RANCAEKEK),266444,UNIT,2013
6,32,JAWA BARAT,3204,KABUPATEN BANDUNG,KABUPATEN BANDUNG II (SOREANG),305472,UNIT,2013
7,32,JAWA BARAT,3205,KABUPATEN GARUT,KABUPATEN GARUT,208546,UNIT,2013
8,32,JAWA BARAT,3206,KABUPATEN TASIKMALAYA,KABUPATEN TASIKMALAYA,150491,UNIT,2013
9,32,JAWA BARAT,3207,KABUPATEN CIAMIS,KABUPATEN CIAMIS I,163019,UNIT,2013
10,32,JAWA BARAT,3208,KABUPATEN KUNINGAN,KABUPATEN KUNINGAN,177026,UNIT,2013
11,32,JAWA BARAT,3209,KABUPATEN CIREBON,KABUPATEN CIREBON I (SUMBER),230677,UNIT,2013
12,32,JAWA BARAT,3209,KABUPATEN CIREBON,KABUPATEN CIREBON II (CILEDUG),124826,UNIT,2013
13,32,JAWA BARAT,3210,KABUPATEN MAJALENGKA,KABUPATEN MAJALENGKA,205267,UNIT,2013
14,32,JAWA BARAT,3211,KABUPATEN SUMEDANG,KABUPATEN SUMEDANG,158009,UNIT,2013
15,32,JAWA BARAT,3212,KABUPATEN INDRAMAYU,KABUPATEN INDRAMAYU I,179072,UNIT,2013
16,32,JAWA BARAT,3212,KABUPATEN INDRAMAYU,KABUPATEN INDRAMAYU II (HAURGEULIS),81467,UNIT,2013
17,32,JAWA BARAT,3213,KABUPATEN SUBANG,KABUPATEN SUBANG,206979,UNIT,2013
18,32,JAWA BARAT,3214,KABUPATEN PURWAKARTA,KABUPATEN PURWAKARTA,142734,UNIT,2013
19,32,JAWA BARAT,3215,KABUPATEN KARAWANG,KABUPATEN KARAWANG,396331,UNIT,2013
20,32,JAWA BARAT,3216,KABUPATEN BEKASI,KABUPATEN BEKASI (CIKARANG),702178,UNIT,2013
21,32,JAWA BARAT,3217,KABUPATEN BANDUNG BARAT,KABUPATEN BANDUNG BARAT (PADALARANG),317351,UNIT,2013
22,32,JAWA BARAT,3218,KABUPATEN PANGANDARAN,KABUPATEN PANGANDARAN,49262,UNIT,2013
23,32,JAWA BARAT,3271,KOTA BOGOR,KOTA BOGOR,256610,UNIT,2013
24,32,JAWA BARAT,3272,KOTA SUKABUMI,KOTA SUKABUMI,67512,UNIT,2013
25,32,JAWA BARAT,3273,KOTA BANDUNG,KOTA BANDUNG I (PAJAJARAN),402852,UNIT,2013
26,32,JAWA BARAT,3273,KOTA BANDUNG,KOTA BANDUNG II (KAWALUYAAN),397104,UNIT,2013
27,32,JAWA BARAT,3273,KOTA BANDUNG,KOTA BANDUNG III (SOEKARNO HATTA),316523,UNIT,2013
28,32,JAWA BARAT,3274,KOTA CIREBON,KOTA CIREBON,119544,UNIT,2013
29,32,JAWA BARAT,3275,KOTA BEKASI,KOTA BEKASI,883221,UNIT,2013
30,32,JAWA BARAT,3276,KOTA DEPOK,KOTA DEPOK I,417813,UNIT,2013
31,32,JAWA BARAT,3276,KOTA DEPOK,KOTA DEPOK II (CINERE),197492,UNIT,2013
32,32,JAWA BARAT,3277,KOTA CIMAHI,KOTA CIMAHI,184091,UNIT,2013
33,32,JAWA BARAT,3278,KOTA TASIKMALAYA,KOTA TASIKMALAYA,138350,UNIT,2013
34,32,JAWA BARAT,3279,KOTA BANJAR,KOTA BANJAR,42168,UNIT,2013
35,32,JAWA BARAT,3201,KABUPATEN BOGOR,KABUPATEN BOGOR (CIBINONG),779462,UNIT,2014
36,32,JAWA BARAT,3202,KABUPATEN SUKABUMI,KABUPATEN SUKABUMI I (CIBADAK),184297,UNIT,2014
37,32,JAWA BARAT,3202,KABUPATEN SUKABUMI,KABUPATEN SUKABUMI II (PELABUHAN RATU),90248,UNIT,2014
38,32,JAWA BARAT,3203,KABUPATEN CIANJUR,KABUPATEN CIANJUR,241114,UNIT,2014
39,32,JAWA BARAT,3204,KABUPATEN BANDUNG,KABUPATEN BANDUNG I (RANCAEKEK),286975,UNIT,2014
40,32,JAWA BARAT,3204,KABUPATEN BANDUNG,KABUPATEN BANDUNG II (SOREANG),329677,UNIT,2014
41,32,JAWA BARAT,3205,KABUPATEN GARUT,KABUPATEN GARUT,225443,UNIT,2014
42,32,JAWA BARAT,3206,KABUPATEN TASIKMALAYA,KABUPATEN TASIKMALAYA,165195,UNIT,2014
43,32,JAWA BARAT,3207,KABUPATEN CIAMIS,KABUPATEN CIAMIS I,173340,UNIT,2014
44,32,JAWA BARAT,3208,KABUPATEN KUNINGAN,KABUPATEN KUNINGAN,191580,UNIT,2014
45,32,JAWA BARAT,3209,KABUPATEN CIREBON,KABUPATEN CIREBON I (SUMBER),240539,UNIT,2014
46,32,JAWA BARAT,3209,KABUPATEN CIREBON,KABUPATEN CIREBON II (CILEDUG),135109,UNIT,2014
47,32,JAWA BARAT,3210,KABUPATEN MAJALENGKA,KABUPATEN MAJALENGKA,218177,UNIT,2014
48,32,JAWA BARAT,3211,KABUPATEN SUMEDANG,KABUPATEN SUMEDANG,171755,UNIT,2014
49,32,JAWA BARAT,3212,KABUPATEN INDRAMAYU,KABUPATEN INDRAMAYU I,183438,UNIT,2014
50,32,JAWA BARAT,3212,KABUPATEN INDRAMAYU,KABUPATEN INDRAMAYU II (HAURGEULIS),83030,UNIT,2014
51,32,JAWA BARAT,3213,KABUPATEN SUBANG,KABUPATEN SUBANG,219296,UNIT,2014
52,32,JAWA BARAT,3214,KABUPATEN PURWAKARTA,KABUPATEN PURWAKARTA,153002,UNIT,2014
53,32,JAWA BARAT,3215,KABUPATEN KARAWANG,KABUPATEN KARAWANG,425049,UNIT,2014
54,32,JAWA BARAT,3216,KABUPATEN BEKASI,KABUPATEN BEKASI (CIKARANG),749700,UNIT,2014
55,32,JAWA BARAT,3217,KABUPATEN BANDUNG BARAT,KABUPATEN BANDUNG BARAT (PADALARANG),344074,UNIT,2014
56,32,JAWA BARAT,3218,KABUPATEN PANGANDARAN,KABUPATEN PANGANDARAN,52080,UNIT,2014
57,32,JAWA BARAT,3271,KOTA BOGOR,KOTA BOGOR,270290,UNIT,2014
58,32,JAWA BARAT,3272,KOTA SUKABUMI,KOTA SUKABUMI,70177,UNIT,2014
59,32,JAWA BARAT,3273,KOTA BANDUNG,KOTA BANDUNG I (PAJAJARAN),415171,UNIT,2014
60,32,JAWA BARAT,3273,KOTA BANDUNG,KOTA BANDUNG II (KAWALUYAAN),407605,UNIT,2014
61,32,JAWA BARAT,3273,KOTA BANDUNG,KOTA BANDUNG III (SOEKARNO HATTA),331836,UNIT,2014
62,32,JAWA BARAT,3274,KOTA CIREBON,KOTA CIREBON,119673,UNIT,2014
63,32,JAWA BARAT,3275,KOTA BEKASI,KOTA BEKASI,922297,UNIT,2014
64,32,JAWA BARAT,3276,KOTA DEPOK,KOTA DEPOK I,440241,UNIT,2014
65,32,JAWA BARAT,3276,KOTA DEPOK,KOTA DEPOK II (CINERE),211392,UNIT,2014
66,32,JAWA BARAT,3277,KOTA CIMAHI,KOTA CIMAHI,196180,UNIT,2014
67,32,JAWA BARAT,3278,KOTA TASIKMALAYA,KOTA TASIKMALAYA,146593,UNIT,2014
68,32,JAWA BARAT,3279,KOTA BANJAR,KOTA BANJAR,44638,UNIT,2014
69,32,JAWA BARAT,3201,KABUPATEN BOGOR,KABUPATEN BOGOR (CIBINONG),798543,UNIT,2015
70,32,JAWA BARAT,3202,KABUPATEN SUKABUMI,KABUPATEN SUKABUMI I (CIBADAK),195400,UNIT,2015
71,32,JAWA BARAT,3202,KABUPATEN SUKABUMI,KABUPATEN SUKABUMI II (PELABUHAN RATU),94060,UNIT,2015
72,32,JAWA BARAT,3203,KABUPATEN CIANJUR,KABUPATEN CIANJUR,257090,UNIT,2015
73,32,JAWA BARAT,3204,KABUPATEN BANDUNG,KABUPATEN BANDUNG I (RANCAEKEK),301366,UNIT,2015
74,32,JAWA BARAT,3204,KABUPATEN BANDUNG,KABUPATEN BANDUNG II (SOREANG),350870,UNIT,2015
75,32,JAWA BARAT,3205,KABUPATEN GARUT,KABUPATEN GARUT,237371,UNIT,2015
76,32,JAWA BARAT,3206,KABUPATEN TASIKMALAYA,KABUPATEN TASIKMALAYA,179435,UNIT,2015
77,32,JAWA BARAT,3207,KABUPATEN CIAMIS,KABUPATEN CIAMIS I,181292,UNIT,2015
78,32,JAWA BARAT,3208,KABUPATEN KUNINGAN,KABUPATEN KUNINGAN,207374,UNIT,2015
79,32,JAWA BARAT,3209,KABUPATEN CIREBON,KABUPATEN CIREBON I (SUMBER),259588,UNIT,2015
80,32,JAWA BARAT,3209,KABUPATEN CIREBON,KABUPATEN CIREBON II (CILEDUG),146855,UNIT,2015
81,32,JAWA BARAT,3210,KABUPATEN MAJALENGKA,KABUPATEN MAJALENGKA,232698,UNIT,2015
82,32,JAWA BARAT,3211,KABUPATEN SUMEDANG,KABUPATEN SUMEDANG,183763,UNIT,2015
83,32,JAWA BARAT,3212,KABUPATEN INDRAMAYU,KABUPATEN INDRAMAYU I,198353,UNIT,2015
84,32,JAWA BARAT,3212,KABUPATEN INDRAMAYU,KABUPATEN INDRAMAYU II (HAURGEULIS),84798,UNIT,2015
85,32,JAWA BARAT,3213,KABUPATEN SUBANG,KABUPATEN SUBANG,231580,UNIT,2015
86,32,JAWA BARAT,3214,KABUPATEN PURWAKARTA,KABUPATEN PURWAKARTA,161776,UNIT,2015
87,32,JAWA BARAT,3215,KABUPATEN KARAWANG,KABUPATEN KARAWANG,444820,UNIT,2015
88,32,JAWA BARAT,3216,KABUPATEN BEKASI,KABUPATEN BEKASI (CIKARANG),775560,UNIT,2015
89,32,JAWA BARAT,3217,KABUPATEN BANDUNG BARAT,KABUPATEN BANDUNG BARAT (PADALARANG),368265,UNIT,2015
90,32,JAWA BARAT,3218,KABUPATEN PANGANDARAN,KABUPATEN PANGANDARAN,58195,UNIT,2015
91,32,JAWA BARAT,3271,KOTA BOGOR,KOTA BOGOR,277734,UNIT,2015
92,32,JAWA BARAT,3272,KOTA SUKABUMI,KOTA SUKABUMI,73627,UNIT,2015
93,32,JAWA BARAT,3273,KOTA BANDUNG,KOTA BANDUNG I (PAJAJARAN),426925,UNIT,2015
94,32,JAWA BARAT,3273,KOTA BANDUNG,KOTA BANDUNG II (KAWALUYAAN),418075,UNIT,2015
95,32,JAWA BARAT,3273,KOTA BANDUNG,KOTA BANDUNG III (SOEKARNO HATTA),344499,UNIT,2015
96,32,JAWA BARAT,3274,KOTA CIREBON,KOTA CIREBON,123337,UNIT,2015
97,32,JAWA BARAT,3275,KOTA BEKASI,KOTA BEKASI,947892,UNIT,2015
98,32,JAWA BARAT,3276,KOTA DEPOK,KOTA DEPOK I,452434,UNIT,2015
99,32,JAWA BARAT,3276,KOTA DEPOK,KOTA DEPOK II (CINERE),220363,UNIT,2015
100,32,JAWA BARAT,3277,KOTA CIMAHI,KOTA CIMAHI,205543,UNIT,2015
101,32,JAWA BARAT,3278,KOTA TASIKMALAYA,KOTA TASIKMALAYA,155941,UNIT,2015
102,32,JAWA BARAT,3279,KOTA BANJAR,KOTA BANJAR,46259,UNIT,2015
103,32,JAWA BARAT,3201,KABUPATEN BOGOR,KABUPATEN BOGOR (CIBINONG),844633,UNIT,2016
104,32,JAWA BARAT,3202,KABUPATEN SUKABUMI,KABUPATEN SUKABUMI I (CIBADAK),205904,UNIT,2016
105,32,JAWA BARAT,3202,KABUPATEN SUKABUMI,KABUPATEN SUKABUMI II (PELABUHAN RATU),96752,UNIT,2016
106,32,JAWA BARAT,3203,KABUPATEN CIANJUR,KABUPATEN CIANJUR,276765,UNIT,2016
107,32,JAWA BARAT,3204,KABUPATEN BANDUNG,KABUPATEN BANDUNG I (RANCAEKEK),326439,UNIT,2016
108,32,JAWA BARAT,3204,KABUPATEN BANDUNG,KABUPATEN BANDUNG II (SOREANG),379470,UNIT,2016
109,32,JAWA BARAT,3205,KABUPATEN GARUT,KABUPATEN GARUT,255664,UNIT,2016
110,32,JAWA BARAT,3206,KABUPATEN TASIKMALAYA,KABUPATEN TASIKMALAYA,197868,UNIT,2016
111,32,JAWA BARAT,3207,KABUPATEN CIAMIS,KABUPATEN CIAMIS I,194776,UNIT,2016
112,32,JAWA BARAT,3208,KABUPATEN KUNINGAN,KABUPATEN KUNINGAN,224726,UNIT,2016
113,32,JAWA BARAT,3209,KABUPATEN CIREBON,KABUPATEN CIREBON I (SUMBER),290025,UNIT,2016
114,32,JAWA BARAT,3209,KABUPATEN CIREBON,KABUPATEN CIREBON II (CILEDUG),144764,UNIT,2016
115,32,JAWA BARAT,3210,KABUPATEN MAJALENGKA,KABUPATEN MAJALENGKA,247004,UNIT,2016
116,32,JAWA BARAT,3211,KABUPATEN SUMEDANG,KABUPATEN SUMEDANG,199797,UNIT,2016
117,32,JAWA BARAT,3212,KABUPATEN INDRAMAYU,KABUPATEN INDRAMAYU I,209838,UNIT,2016
118,32,JAWA BARAT,3212,KABUPATEN INDRAMAYU,KABUPATEN INDRAMAYU II (HAURGEULIS),87269,UNIT,2016
119,32,JAWA BARAT,3213,KABUPATEN SUBANG,KABUPATEN SUBANG,243474,UNIT,2016
120,32,JAWA BARAT,3214,KABUPATEN PURWAKARTA,KABUPATEN PURWAKARTA,178593,UNIT,2016
121,32,JAWA BARAT,3215,KABUPATEN KARAWANG,KABUPATEN KARAWANG,483122,UNIT,2016
122,32,JAWA BARAT,3216,KABUPATEN BEKASI,KABUPATEN BEKASI (CIKARANG),814248,UNIT,2016
123,32,JAWA BARAT,3217,KABUPATEN BANDUNG BARAT,KABUPATEN BANDUNG BARAT (PADALARANG),403739,UNIT,2016
124,32,JAWA BARAT,3218,KABUPATEN PANGANDARAN,KABUPATEN PANGANDARAN,62767,UNIT,2016
125,32,JAWA BARAT,3271,KOTA BOGOR,KOTA BOGOR,295467,UNIT,2016
126,32,JAWA BARAT,3272,KOTA SUKABUMI,KOTA SUKABUMI,78908,UNIT,2016
127,32,JAWA BARAT,3273,KOTA BANDUNG,KOTA BANDUNG I (PAJAJARAN),441258,UNIT,2016
128,32,JAWA BARAT,3273,KOTA BANDUNG,KOTA BANDUNG II (KAWALUYAAN),433764,UNIT,2016
129,32,JAWA BARAT,3273,KOTA BANDUNG,KOTA BANDUNG III (SOEKARNO HATTA),361974,UNIT,2016
130,32,JAWA BARAT,3274,KOTA CIREBON,KOTA CIREBON,128327,UNIT,2016
131,32,JAWA BARAT,3275,KOTA BEKASI,KOTA BEKASI,983046,UNIT,2016
132,32,JAWA BARAT,3276,KOTA DEPOK,KOTA DEPOK I,480081,UNIT,2016
133,32,JAWA BARAT,3276,KOTA DEPOK,KOTA DEPOK II (CINERE),235929,UNIT,2016
134,32,JAWA BARAT,3277,KOTA CIMAHI,KOTA CIMAHI,220407,UNIT,2016
135,32,JAWA BARAT,3278,KOTA TASIKMALAYA,KOTA TASIKMALAYA,168447,UNIT,2016
136,32,JAWA BARAT,3279,KOTA BANJAR,KOTA BANJAR,50255,UNIT,2016
137,32,JAWA BARAT,3201,KABUPATEN BOGOR,KABUPATEN BOGOR (CIBINONG),869583,UNIT,2017
138,32,JAWA BARAT,3202,KABUPATEN SUKABUMI,KABUPATEN SUKABUMI I (CIBADAK),208120,UNIT,2017
139,32,JAWA BARAT,3202,KABUPATEN SUKABUMI,KABUPATEN SUKABUMI II (PELABUHAN RATU),93946,UNIT,2017
140,32,JAWA BARAT,3203,KABUPATEN CIANJUR,KABUPATEN CIANJUR,274769,UNIT,2017
141,32,JAWA BARAT,3204,KABUPATEN BANDUNG,KABUPATEN BANDUNG I (RANCAEKEK),334392,UNIT,2017
142,32,JAWA BARAT,3204,KABUPATEN BANDUNG,KABUPATEN BANDUNG II (SOREANG),387099,UNIT,2017
143,32,JAWA BARAT,3205,KABUPATEN GARUT,KABUPATEN GARUT,254638,UNIT,2017
144,32,JAWA BARAT,3206,KABUPATEN TASIKMALAYA,KABUPATEN TASIKMALAYA,201793,UNIT,2017
145,32,JAWA BARAT,3207,KABUPATEN CIAMIS,KABUPATEN CIAMIS I,193934,UNIT,2017
146,32,JAWA BARAT,3208,KABUPATEN KUNINGAN,KABUPATEN KUNINGAN,225790,UNIT,2017
147,32,JAWA BARAT,3209,KABUPATEN CIREBON,KABUPATEN CIREBON I (SUMBER),295756,UNIT,2017
148,32,JAWA BARAT,3209,KABUPATEN CIREBON,KABUPATEN CIREBON II (CILEDUG),145982,UNIT,2017
149,32,JAWA BARAT,3210,KABUPATEN MAJALENGKA,KABUPATEN MAJALENGKA,243924,UNIT,2017
150,32,JAWA BARAT,3211,KABUPATEN SUMEDANG,KABUPATEN SUMEDANG,203542,UNIT,2017
151,32,JAWA BARAT,3212,KABUPATEN INDRAMAYU,KABUPATEN INDRAMAYU I,211782,UNIT,2017
152,32,JAWA BARAT,3212,KABUPATEN INDRAMAYU,KABUPATEN INDRAMAYU II (HAURGEULIS),86257,UNIT,2017
153,32,JAWA BARAT,3213,KABUPATEN SUBANG,KABUPATEN SUBANG,245528,UNIT,2017
154,32,JAWA BARAT,3214,KABUPATEN PURWAKARTA,KABUPATEN PURWAKARTA,176402,UNIT,2017
155,32,JAWA BARAT,3215,KABUPATEN KARAWANG,KABUPATEN KARAWANG,476534,UNIT,2017
156,32,JAWA BARAT,3216,KABUPATEN BEKASI,KABUPATEN BEKASI (CIKARANG),830837,UNIT,2017
157,32,JAWA BARAT,3217,KABUPATEN BANDUNG BARAT,KABUPATEN BANDUNG BARAT (PADALARANG),411246,UNIT,2017
158,32,JAWA BARAT,3218,KABUPATEN PANGANDARAN,KABUPATEN PANGANDARAN,61827,UNIT,2017
159,32,JAWA BARAT,3271,KOTA BOGOR,KOTA BOGOR,299814,UNIT,2017
160,32,JAWA BARAT,3272,KOTA SUKABUMI,KOTA SUKABUMI,78394,UNIT,2017
161,32,JAWA BARAT,3273,KOTA BANDUNG,KOTA BANDUNG I (PAJAJARAN),436412,UNIT,2017
162,32,JAWA BARAT,3273,KOTA BANDUNG,KOTA BANDUNG II (KAWALUYAAN),427364,UNIT,2017
163,32,JAWA BARAT,3273,KOTA BANDUNG,KOTA BANDUNG III (SOEKARNO HATTA),358296,UNIT,2017
164,32,JAWA BARAT,3274,KOTA CIREBON,KOTA CIREBON,126363,UNIT,2017
165,32,JAWA BARAT,3275,KOTA BEKASI,KOTA BEKASI,981308,UNIT,2017
166,32,JAWA BARAT,3276,KOTA DEPOK,KOTA DEPOK I,482343,UNIT,2017
167,32,JAWA BARAT,3276,KOTA DEPOK,KOTA DEPOK II (CINERE),237971,UNIT,2017
168,32,JAWA BARAT,3277,KOTA CIMAHI,KOTA CIMAHI,222224,UNIT,2017
169,32,JAWA BARAT,3278,KOTA TASIKMALAYA,KOTA TASIKMALAYA,169733,UNIT,2017
170,32,JAWA BARAT,3279,KOTA BANJAR,KOTA BANJAR,49302,UNIT,2017
171,32,JAWA BARAT,3201,KABUPATEN BOGOR,KABUPATEN BOGOR (CIBINONG),93088,UNIT,2018
172,32,JAWA BARAT,3202,KABUPATEN SUKABUMI,KABUPATEN SUKABUMI I (CIBADAK),20612,UNIT,2018
173,32,JAWA BARAT,3202,KABUPATEN SUKABUMI,KABUPATEN SUKABUMI II (PELABUHAN RATU),8896,UNIT,2018
174,32,JAWA BARAT,3203,KABUPATEN CIANJUR,KABUPATEN CIANJUR,27475,UNIT,2018
175,32,JAWA BARAT,3204,KABUPATEN BANDUNG,KABUPATEN BANDUNG I (RANCAEKEK),31774,UNIT,2018
176,32,JAWA BARAT,3204,KABUPATEN BANDUNG,KABUPATEN BANDUNG II (SOREANG),35871,UNIT,2018
177,32,JAWA BARAT,3205,KABUPATEN GARUT,KABUPATEN GARUT,24093,UNIT,2018
178,32,JAWA BARAT,3206,KABUPATEN TASIKMALAYA,KABUPATEN TASIKMALAYA,17653,UNIT,2018
179,32,JAWA BARAT,3207,KABUPATEN CIAMIS,KABUPATEN CIAMIS I,17199,UNIT,2018
180,32,JAWA BARAT,3208,KABUPATEN KUNINGAN,KABUPATEN KUNINGAN,22668,UNIT,2018
181,32,JAWA BARAT,3209,KABUPATEN CIREBON,KABUPATEN CIREBON I (SUMBER),29263,UNIT,2018
182,32,JAWA BARAT,3209,KABUPATEN CIREBON,KABUPATEN CIREBON II (CILEDUG),15076,UNIT,2018
183,32,JAWA BARAT,3210,KABUPATEN MAJALENGKA,KABUPATEN MAJALENGKA,22629,UNIT,2018
184,32,JAWA BARAT,3211,KABUPATEN SUMEDANG,KABUPATEN SUMEDANG,19838,UNIT,2018
185,32,JAWA BARAT,3212,KABUPATEN INDRAMAYU,KABUPATEN INDRAMAYU I,22122,UNIT,2018
186,32,JAWA BARAT,3212,KABUPATEN INDRAMAYU,KABUPATEN INDRAMAYU II (HAURGEULIS),8805,UNIT,2018
187,32,JAWA BARAT,3213,KABUPATEN SUBANG,KABUPATEN SUBANG,25864,UNIT,2018
188,32,JAWA BARAT,3214,KABUPATEN PURWAKARTA,KABUPATEN PURWAKARTA,18075,UNIT,2018
189,32,JAWA BARAT,3215,KABUPATEN KARAWANG,KABUPATEN KARAWANG,49524,UNIT,2018
190,32,JAWA BARAT,3216,KABUPATEN BEKASI,KABUPATEN BEKASI (CIKARANG),87659,UNIT,2018
191,32,JAWA BARAT,3217,KABUPATEN BANDUNG BARAT,KABUPATEN BANDUNG BARAT (PADALARANG),37600,UNIT,2018
192,32,JAWA BARAT,3218,KABUPATEN PANGANDARAN,KABUPATEN PANGANDARAN,4844,UNIT,2018
193,32,JAWA BARAT,3271,KOTA BOGOR,KOTA BOGOR,31577,UNIT,2018
194,32,JAWA BARAT,3272,KOTA SUKABUMI,KOTA SUKABUMI,7919,UNIT,2018
195,32,JAWA BARAT,3273,KOTA BANDUNG,KOTA BANDUNG I (PAJAJARAN),36662,UNIT,2018
196,32,JAWA BARAT,3273,KOTA BANDUNG,KOTA BANDUNG II (KAWALUYAAN),37603,UNIT,2018
197,32,JAWA BARAT,3273,KOTA BANDUNG,KOTA BANDUNG III (SOEKARNO HATTA),31558,UNIT,2018
198,32,JAWA BARAT,3274,KOTA CIREBON,KOTA CIREBON,11861,UNIT,2018
199,32,JAWA BARAT,3275,KOTA BEKASI,KOTA BEKASI,97611,UNIT,2018
200,32,JAWA BARAT,3276,KOTA DEPOK,KOTA DEPOK I,49451,UNIT,2018
201,32,JAWA BARAT,3276,KOTA DEPOK,KOTA DEPOK II (CINERE),25674,UNIT,2018
202,32,JAWA BARAT,3277,KOTA CIMAHI,KOTA CIMAHI,19495,UNIT,2018
203,32,JAWA BARAT,3278,KOTA TASIKMALAYA,KOTA TASIKMALAYA,15128,UNIT,2018
204,32,JAWA BARAT,3279,KOTA BANJAR,KOTA BANJAR,4276,UNIT,2018
205,32,JAWA BARAT,3201,KABUPATEN BOGOR,KABUPATEN BOGOR (CIBINONG),1668062,UNIT,2019
206,32,JAWA BARAT,3202,KABUPATEN SUKABUMI,KABUPATEN SUKABUMI I (CIBADAK),377393,UNIT,2019
207,32,JAWA BARAT,3202,KABUPATEN SUKABUMI,KABUPATEN SUKABUMI II (PELABUHAN RATU),173852,UNIT,2019
208,32,JAWA BARAT,3203,KABUPATEN CIANJUR,KABUPATEN CIANJUR,465861,UNIT,2019
209,32,JAWA BARAT,3204,KABUPATEN BANDUNG,KABUPATEN BANDUNG I (RANCAEKEK),540129,UNIT,2019
210,32,JAWA BARAT,3204,KABUPATEN BANDUNG,KABUPATEN BANDUNG II (SOREANG),605984,UNIT,2019
211,32,JAWA BARAT,3205,KABUPATEN GARUT,KABUPATEN GARUT,440531,UNIT,2019
212,32,JAWA BARAT,3206,KABUPATEN TASIKMALAYA,KABUPATEN TASIKMALAYA,312056,UNIT,2019
213,32,JAWA BARAT,3207,KABUPATEN CIAMIS,KABUPATEN CIAMIS I,291184,UNIT,2019
214,32,JAWA BARAT,3208,KABUPATEN KUNINGAN,KABUPATEN KUNINGAN,345121,UNIT,2019
215,32,JAWA BARAT,3209,KABUPATEN CIREBON,KABUPATEN CIREBON I (SUMBER),490364,UNIT,2019
216,32,JAWA BARAT,3209,KABUPATEN CIREBON,KABUPATEN CIREBON II (CILEDUG),243443,UNIT,2019
217,32,JAWA BARAT,3210,KABUPATEN MAJALENGKA,KABUPATEN MAJALENGKA,380266,UNIT,2019
218,32,JAWA BARAT,3211,KABUPATEN SUMEDANG,KABUPATEN SUMEDANG,317077,UNIT,2019
219,32,JAWA BARAT,3212,KABUPATEN INDRAMAYU,KABUPATEN INDRAMAYU I,376812,UNIT,2019
220,32,JAWA BARAT,3212,KABUPATEN INDRAMAYU,KABUPATEN INDRAMAYU II (HAURGEULIS),166462,UNIT,2019
221,32,JAWA BARAT,3213,KABUPATEN SUBANG,KABUPATEN SUBANG,462379,UNIT,2019
222,32,JAWA BARAT,3214,KABUPATEN PURWAKARTA,KABUPATEN PURWAKARTA,322646,UNIT,2019
223,32,JAWA BARAT,3215,KABUPATEN KARAWANG,KABUPATEN KARAWANG,886616,UNIT,2019
224,32,JAWA BARAT,3216,KABUPATEN BEKASI,KABUPATEN BEKASI (CIKARANG),1552845,UNIT,2019
225,32,JAWA BARAT,3217,KABUPATEN BANDUNG BARAT,KABUPATEN BANDUNG BARAT (PADALARANG),647944,UNIT,2019
226,32,JAWA BARAT,3218,KABUPATEN PANGANDARAN,KABUPATEN PANGANDARAN,93523,UNIT,2019
227,32,JAWA BARAT,3271,KOTA BOGOR,KOTA BOGOR,488284,UNIT,2019
228,32,JAWA BARAT,3272,KOTA SUKABUMI,KOTA SUKABUMI,129226,UNIT,2019
229,32,JAWA BARAT,3273,KOTA BANDUNG,KOTA BANDUNG I (PAJAJARAN),622863,UNIT,2019
230,32,JAWA BARAT,3273,KOTA BANDUNG,KOTA BANDUNG II (KAWALUYAAN),604864,UNIT,2019
231,32,JAWA BARAT,3273,KOTA BANDUNG,KOTA BANDUNG III (SOEKARNO HATTA),519528,UNIT,2019
232,32,JAWA BARAT,3274,KOTA CIREBON,KOTA CIREBON,189435,UNIT,2019
233,32,JAWA BARAT,3275,KOTA BEKASI,KOTA BEKASI,1614965,UNIT,2019
234,32,JAWA BARAT,3276,KOTA DEPOK,KOTA DEPOK I,796513,UNIT,2019
235,32,JAWA BARAT,3276,KOTA DEPOK,KOTA DEPOK II (CINERE),400026,UNIT,2019
236,32,JAWA BARAT,3277,KOTA CIMAHI,KOTA CIMAHI,321065,UNIT,2019
237,32,JAWA BARAT,3278,KOTA TASIKMALAYA,KOTA TASIKMALAYA,254063,UNIT,2019
238,32,JAWA BARAT,3279,KOTA BANJAR,KOTA BANJAR,71225,UNIT,2019
239,32,JAWA BARAT,3201,KABUPATEN BOGOR,KABUPATEN BOGOR (CIBINONG),1625896,UNIT,2020
240,32,JAWA BARAT,3202,KABUPATEN SUKABUMI,KABUPATEN SUKABUMI I (CIBADAK),364200,UNIT,2020
241,32,JAWA BARAT,3202,KABUPATEN SUKABUMI,KABUPATEN SUKABUMI II (PELABUHAN RATU),166362,UNIT,2020
242,32,JAWA BARAT,3203,KABUPATEN CIANJUR,KABUPATEN CIANJUR,459151,UNIT,2020
243,32,JAWA BARAT,3204,KABUPATEN BANDUNG,KABUPATEN BANDUNG I (RANCAEKEK),511972,UNIT,2020
244,32,JAWA BARAT,3204,KABUPATEN BANDUNG,KABUPATEN BANDUNG II (SOREANG),577994,UNIT,2020
245,32,JAWA BARAT,3205,KABUPATEN GARUT,KABUPATEN GARUT,429820,UNIT,2020
246,32,JAWA BARAT,3206,KABUPATEN TASIKMALAYA,KABUPATEN TASIKMALAYA,306657,UNIT,2020
247,32,JAWA BARAT,3207,KABUPATEN CIAMIS,KABUPATEN CIAMIS I,278028,UNIT,2020
248,32,JAWA BARAT,3208,KABUPATEN KUNINGAN,KABUPATEN KUNINGAN,336360,UNIT,2020
249,32,JAWA BARAT,3209,KABUPATEN CIREBON,KABUPATEN CIREBON I (SUMBER),475172,UNIT,2020
250,32,JAWA BARAT,3209,KABUPATEN CIREBON,KABUPATEN CIREBON II (CILEDUG),236844,UNIT,2020
251,32,JAWA BARAT,3210,KABUPATEN MAJALENGKA,KABUPATEN MAJALENGKA,368407,UNIT,2020
252,32,JAWA BARAT,3211,KABUPATEN SUMEDANG,KABUPATEN SUMEDANG,310779,UNIT,2020
253,32,JAWA BARAT,3212,KABUPATEN INDRAMAYU,KABUPATEN INDRAMAYU I,367508,UNIT,2020
254,32,JAWA BARAT,3212,KABUPATEN INDRAMAYU,KABUPATEN INDRAMAYU II (HAURGEULIS),160462,UNIT,2020
255,32,JAWA BARAT,3213,KABUPATEN SUBANG,KABUPATEN SUBANG,442499,UNIT,2020
256,32,JAWA BARAT,3214,KABUPATEN PURWAKARTA,KABUPATEN PURWAKARTA,306053,UNIT,2020
257,32,JAWA BARAT,3215,KABUPATEN KARAWANG,KABUPATEN KARAWANG,850130,UNIT,2020
258,32,JAWA BARAT,3216,KABUPATEN BEKASI,KABUPATEN BEKASI (CIKARANG),1488985,UNIT,2020
259,32,JAWA BARAT,3217,KABUPATEN BANDUNG BARAT,KABUPATEN BANDUNG BARAT (PADALARANG),616259,UNIT,2020
260,32,JAWA BARAT,3218,KABUPATEN PANGANDARAN,KABUPATEN PANGANDARAN,89944,UNIT,2020
261,32,JAWA BARAT,3271,KOTA BOGOR,KOTA BOGOR,459212,UNIT,2020
262,32,JAWA BARAT,3272,KOTA SUKABUMI,KOTA SUKABUMI,119444,UNIT,2020
263,32,JAWA BARAT,3273,KOTA BANDUNG,KOTA BANDUNG I (PAJAJARAN),561047,UNIT,2020
264,32,JAWA BARAT,3273,KOTA BANDUNG,KOTA BANDUNG II (KAWALUYAAN),547291,UNIT,2020
265,32,JAWA BARAT,3273,KOTA BANDUNG,KOTA BANDUNG III (SOEKARNO HATTA),460464,UNIT,2020
266,32,JAWA BARAT,3274,KOTA CIREBON,KOTA CIREBON,172781,UNIT,2020
267,32,JAWA BARAT,3275,KOTA BEKASI,KOTA BEKASI,1533880,UNIT,2020
268,32,JAWA BARAT,3276,KOTA DEPOK,KOTA DEPOK I,761042,UNIT,2020
269,32,JAWA BARAT,3276,KOTA DEPOK,KOTA DEPOK II (CINERE),374199,UNIT,2020
270,32,JAWA BARAT,3277,KOTA CIMAHI,KOTA CIMAHI,293563,UNIT,2020
271,32,JAWA BARAT,3278,KOTA TASIKMALAYA,KOTA TASIKMALAYA,241193,UNIT,2020
272,32,JAWA BARAT,3279,KOTA BANJAR,KOTA BANJAR,67128,UNIT,2020
273,32,JAWA BARAT,3201,KABUPATEN BOGOR,KABUPATEN BOGOR (CIBINONG),1641604,UNIT,2021
274,32,JAWA BARAT,3202,KABUPATEN SUKABUMI,KABUPATEN SUKABUMI I (CIBADAK),365780,UNIT,2021
275,32,JAWA BARAT,3202,KABUPATEN SUKABUMI,KABUPATEN SUKABUMI II (PELABUHAN RATU),162101,UNIT,2021
276,32,JAWA BARAT,3203,KABUPATEN CIANJUR,KABUPATEN CIANJUR,465238,UNIT,2021
277,32,JAWA BARAT,3204,KABUPATEN BANDUNG,KABUPATEN BANDUNG I (RANCAEKEK),519180,UNIT,2021
278,32,JAWA BARAT,3204,KABUPATEN BANDUNG,KABUPATEN BANDUNG II (SOREANG),582767,UNIT,2021
279,32,JAWA BARAT,3205,KABUPATEN GARUT,KABUPATEN GARUT,435305,UNIT,2021
280,32,JAWA BARAT,3206,KABUPATEN TASIKMALAYA,KABUPATEN TASIKMALAYA,315383,UNIT,2021
281,32,JAWA BARAT,3207,KABUPATEN CIAMIS,KABUPATEN CIAMIS I,282388,UNIT,2021
282,32,JAWA BARAT,3208,KABUPATEN KUNINGAN,KABUPATEN KUNINGAN,339909,UNIT,2021
283,32,JAWA BARAT,3209,KABUPATEN CIREBON,KABUPATEN CIREBON I (SUMBER),485393,UNIT,2021
284,32,JAWA BARAT,3209,KABUPATEN CIREBON,KABUPATEN CIREBON II (CILEDUG),242851,UNIT,2021
285,32,JAWA BARAT,3210,KABUPATEN MAJALENGKA,KABUPATEN MAJALENGKA,371218,UNIT,2021
286,32,JAWA BARAT,3211,KABUPATEN SUMEDANG,KABUPATEN SUMEDANG,314402,UNIT,2021
287,32,JAWA BARAT,3212,KABUPATEN INDRAMAYU,KABUPATEN INDRAMAYU I,371345,UNIT,2021
288,32,JAWA BARAT,3212,KABUPATEN INDRAMAYU,KABUPATEN INDRAMAYU II (HAURGEULIS),158397,UNIT,2021
289,32,JAWA BARAT,3213,KABUPATEN SUBANG,KABUPATEN SUBANG,435281,UNIT,2021
290,32,JAWA BARAT,3214,KABUPATEN PURWAKARTA,KABUPATEN PURWAKARTA,309377,UNIT,2021
291,32,JAWA BARAT,3215,KABUPATEN KARAWANG,KABUPATEN KARAWANG,854135,UNIT,2021
292,32,JAWA BARAT,3216,KABUPATEN BEKASI,KABUPATEN BEKASI (CIKARANG),1494314,UNIT,2021
293,32,JAWA BARAT,3217,KABUPATEN BANDUNG BARAT,KABUPATEN BANDUNG BARAT (PADALARANG),622912,UNIT,2021
294,32,JAWA BARAT,3218,KABUPATEN PANGANDARAN,KABUPATEN PANGANDARAN,89411,UNIT,2021
295,32,JAWA BARAT,3271,KOTA BOGOR,KOTA BOGOR,462030,UNIT,2021
296,32,JAWA BARAT,3272,KOTA SUKABUMI,KOTA SUKABUMI,118932,UNIT,2021
297,32,JAWA BARAT,3273,KOTA BANDUNG,KOTA BANDUNG I (PAJAJARAN),554569,UNIT,2021
298,32,JAWA BARAT,3273,KOTA BANDUNG,KOTA BANDUNG II (KAWALUYAAN),538902,UNIT,2021
299,32,JAWA BARAT,3273,KOTA BANDUNG,KOTA BANDUNG III (SOEKARNO HATTA),459276,UNIT,2021
300,32,JAWA BARAT,3274,KOTA CIREBON,KOTA CIREBON,173087,UNIT,2021
301,32,JAWA BARAT,3275,KOTA BEKASI,KOTA BEKASI,1508616,UNIT,2021
302,32,JAWA BARAT,3276,KOTA DEPOK,KOTA DEPOK I,750558,UNIT,2021
303,32,JAWA BARAT,3276,KOTA DEPOK,KOTA DEPOK II (CINERE),374813,UNIT,2021
304,32,JAWA BARAT,3277,KOTA CIMAHI,KOTA CIMAHI,291567,UNIT,2021
305,32,JAWA BARAT,3278,KOTA TASIKMALAYA,KOTA TASIKMALAYA,239843,UNIT,2021
306,32,JAWA BARAT,3279,KOTA BANJAR,KOTA BANJAR,66760,UNIT,2021
307,32,JAWA BARAT,3201,KABUPATEN BOGOR,KABUPATEN BOGOR (CIBINONG),1666860,UNIT,2022
308,32,JAWA BARAT,3202,KABUPATEN SUKABUMI,KABUPATEN SUKABUMI I (CIBADAK),370897,UNIT,2022
309,32,JAWA BARAT,3202,KABUPATEN SUKABUMI,KABUPATEN SUKABUMI II (PELABUHAN RATU),163529,UNIT,2022
310,32,JAWA BARAT,3203,KABUPATEN CIANJUR,KABUPATEN CIANJUR,470866,UNIT,2022
311,32,JAWA BARAT,3204,KABUPATEN BANDUNG,KABUPATEN BANDUNG I (RANCAEKEK),528229,UNIT,2022
312,32,JAWA BARAT,3204,KABUPATEN BANDUNG,KABUPATEN BANDUNG II (SOREANG),593045,UNIT,2022
313,32,JAWA BARAT,3205,KABUPATEN GARUT,KABUPATEN GARUT,441239,UNIT,2022
314,32,JAWA BARAT,3206,KABUPATEN TASIKMALAYA,KABUPATEN TASIKMALAYA,322073,UNIT,2022
315,32,JAWA BARAT,3207,KABUPATEN CIAMIS,KABUPATEN CIAMIS I,283836,UNIT,2022
316,32,JAWA BARAT,3208,KABUPATEN KUNINGAN,KABUPATEN KUNINGAN,344965,UNIT,2022
317,32,JAWA BARAT,3209,KABUPATEN CIREBON,KABUPATEN CIREBON I (SUMBER),492427,UNIT,2022
318,32,JAWA BARAT,3209,KABUPATEN CIREBON,KABUPATEN CIREBON II (CILEDUG),248325,UNIT,2022
319,32,JAWA BARAT,3210,KABUPATEN MAJALENGKA,KABUPATEN MAJALENGKA,374336,UNIT,2022
320,32,JAWA BARAT,3211,KABUPATEN SUMEDANG,KABUPATEN SUMEDANG,320843,UNIT,2022
321,32,JAWA BARAT,3212,KABUPATEN INDRAMAYU,KABUPATEN INDRAMAYU I,376180,UNIT,2022
322,32,JAWA BARAT,3212,KABUPATEN INDRAMAYU,KABUPATEN INDRAMAYU II (HAURGEULIS),157735,UNIT,2022
323,32,JAWA BARAT,3213,KABUPATEN SUBANG,KABUPATEN SUBANG,445011,UNIT,2022
324,32,JAWA BARAT,3214,KABUPATEN PURWAKARTA,KABUPATEN PURWAKARTA,312462,UNIT,2022
325,32,JAWA BARAT,3215,KABUPATEN KARAWANG,KABUPATEN KARAWANG,865859,UNIT,2022
326,32,JAWA BARAT,3216,KABUPATEN BEKASI,KABUPATEN BEKASI (CIKARANG),1513555,UNIT,2022
327,32,JAWA BARAT,3217,KABUPATEN BANDUNG BARAT,KABUPATEN BANDUNG BARAT (PADALARANG),633727,UNIT,2022
328,32,JAWA BARAT,3218,KABUPATEN PANGANDARAN,KABUPATEN CIAMIS II PGDRN,89371,UNIT,2022
329,32,JAWA BARAT,3271,KOTA BOGOR,KOTA BOGOR,467720,UNIT,2022
330,32,JAWA BARAT,3272,KOTA SUKABUMI,KOTA SUKABUMI,120707,UNIT,2022
331,32,JAWA BARAT,3273,KOTA BANDUNG,KOTA BANDUNG I (PAJAJARAN),550538,UNIT,2022
332,32,JAWA BARAT,3273,KOTA BANDUNG,KOTA BANDUNG II (KAWALUYAAN),535262,UNIT,2022
333,32,JAWA BARAT,3273,KOTA BANDUNG,KOTA BANDUNG III (SOEKARNO HATTA),465974,UNIT,2022
334,32,JAWA BARAT,3274,KOTA CIREBON,KOTA CIREBON,172813,UNIT,2022
335,32,JAWA BARAT,3275,KOTA BEKASI,KOTA BEKASI,1502136,UNIT,2022
336,32,JAWA BARAT,3276,KOTA DEPOK,KOTA DEPOK I,761002,UNIT,2022
337,32,JAWA BARAT,3276,KOTA DEPOK,KOTA DEPOK II (CINERE),378608,UNIT,2022
338,32,JAWA BARAT,3277,KOTA CIMAHI,KOTA CIMAHI,292780,UNIT,2022
339,32,JAWA BARAT,3278,KOTA TASIKMALAYA,KOTA TASIKMALAYA,243742,UNIT,2022
340,32,JAWA BARAT,3279,KOTA BANJAR,KOTA BANJAR,67647,UNIT,2022
